epoch,train_loss
0,5.163586718211369
1,3.638992648372032
2,3.4252998933832375
3,3.3215890253058817
4,3.273038073298801
