epoch,avg_loss,num_batches
0,7.507047,1187
1,6.290527,1180
2,4.854817,1186
3,4.024293,1180
4,3.640161,1180
5,3.443211,1178
6,3.352150,1182
7,3.296825,1186
8,3.270023,1176
9,3.252395,1189
