epoch,avg_loss,num_batches
0,8.510438,295
1,8.510009,296
2,8.510149,295
3,8.508799,296
4,8.507965,296
5,8.507907,296
6,8.507824,295
7,8.506699,295
8,8.506151,296
9,8.505436,295
